Symbol	Name	Stock Exchange	Stock Exchange (MIC)	Country
PFE.XSTO	PFIZER INC.	Stockholm Stock Exchange	XSTO	Sweden
AZN.XSTO	ASTRAZENECA PLC	Stockholm Stock Exchange	XSTO	Sweden
EQNRO.XSTO	EQUINOR ASA	Stockholm Stock Exchange	XSTO	Sweden
ABB.XSTO	ABB LTD	Stockholm Stock Exchange	XSTO	Sweden
ATCO_A.XSTO	ATLAS COPCO AB SER. A	Stockholm Stock Exchange	XSTO	Sweden
INVE_B.XSTO	INVESTOR AB SER. B	Stockholm Stock Exchange	XSTO	Sweden
INVE_A.XSTO	INVESTOR AB SER. A	Stockholm Stock Exchange	XSTO	Sweden
ATCO_B.XSTO	ATLAS COPCO AB SER. B	Stockholm Stock Exchange	XSTO	Sweden
NDA_SE.XSTO	NORDEA BANK ABP	Stockholm Stock Exchange	XSTO	Sweden
VOLV_B.XSTO	VOLVO, AB SER. B	Stockholm Stock Exchange	XSTO	Sweden
VOLV_A.XSTO	VOLVO, AB SER. A	Stockholm Stock Exchange	XSTO	Sweden
HM_B.XSTO	HENNES & MAURITZ AB, H & M SER. B	Stockholm Stock Exchange	XSTO	Sweden
ERIC_A.XSTO	ERICSSON, TELEFONAB. L M SER. A	Stockholm Stock Exchange	XSTO	Sweden
DNBO.XSTO	DNB ASA	Stockholm Stock Exchange	XSTO	Sweden
ERIC_B.XSTO	ERICSSON, TELEFONAB. L M SER. B	Stockholm Stock Exchange	XSTO	Sweden
ASSA_B.XSTO	ASSA ABLOY AB SER. B	Stockholm Stock Exchange	XSTO	Sweden
TELO.XSTO	TELENOR	Stockholm Stock Exchange	XSTO	Sweden
SEB_C.XSTO	SKANDINAVISKA ENSKILDA BANKEN SER. C	Stockholm Stock Exchange	XSTO	Sweden
NOKIA_SEK.XSTO	NOKIA CORPORATION	Stockholm Stock Exchange	XSTO	Sweden
ESSITY_B.XSTO	ESSITY AB SER. B	Stockholm Stock Exchange	XSTO	Sweden
ESSITY_A.XSTO	ESSITY AB SER. A	Stockholm Stock Exchange	XSTO	Sweden
SHB_B.XSTO	SVENSKA HANDELSBANKEN SER. B	Stockholm Stock Exchange	XSTO	Sweden
SEB_A.XSTO	SKANDINAVISKA ENSKILDA BANKEN SER. A	Stockholm Stock Exchange	XSTO	Sweden
SAND.XSTO	SANDVIK AB	Stockholm Stock Exchange	XSTO	Sweden
SHB_A.XSTO	SVENSKA HANDELSBANKEN SER. A	Stockholm Stock Exchange	XSTO	Sweden
HEXA_B.XSTO	HEXAGON AB SER. B	Stockholm Stock Exchange	XSTO	Sweden
SWED_A.XSTO	SWEDBANK AB SER A	Stockholm Stock Exchange	XSTO	Sweden
TELIA.XSTO	TELIA COMPANY AB	Stockholm Stock Exchange	XSTO	Sweden
EQT.XSTO	EQT AB	Stockholm Stock Exchange	XSTO	Sweden
EPI_A.XSTO	EPIROC AB SER. A	Stockholm Stock Exchange	XSTO	Sweden
EPI_B.XSTO	EPIROC AB SER. B	Stockholm Stock Exchange	XSTO	Sweden
MOWIO.XSTO	MOWI ASA	Stockholm Stock Exchange	XSTO	Sweden
8TRA.XSTO	TRATON SE	Stockholm Stock Exchange	XSTO	Sweden
ADEO.XSTO	ADEVINTA ASA	Stockholm Stock Exchange	XSTO	Sweden
LUND_B.XSTO	LUNDBERGFORETAGEN AB, L E SER. B	Stockholm Stock Exchange	XSTO	Sweden
STE_A.XSTO	STORA ENSO OYJ SER. A	Stockholm Stock Exchange	XSTO	Sweden
TEL2_B.XSTO	TELE2 AB SER. B	Stockholm Stock Exchange	XSTO	Sweden
INDU_A.XSTO	INDUSTRIVARDEN, AB SER. A	Stockholm Stock Exchange	XSTO	Sweden
GJFO.XSTO	GJENSIDIGE FORSIKRING ASA	Stockholm Stock Exchange	XSTO	Sweden
TEL2_A.XSTO	TELE2 AB SER. A	Stockholm Stock Exchange	XSTO	Sweden
LATO_B.XSTO	LATOUR, INVESTMENTAB. SER. B	Stockholm Stock Exchange	XSTO	Sweden
INDU_C.XSTO	INDUSTRIVARDEN, AB SER. C	Stockholm Stock Exchange	XSTO	Sweden
YARO.XSTO	YARA INTERNATIONAL	Stockholm Stock Exchange	XSTO	Sweden
SWMA.XSTO	SWEDISH MATCH AB	Stockholm Stock Exchange	XSTO	Sweden
ALFA.XSTO	ALFA LAVAL AB	Stockholm Stock Exchange	XSTO	Sweden
STE_R.XSTO	STORA ENSO OYJ SER. R	Stockholm Stock Exchange	XSTO	Sweden
SKA_B.XSTO	SKANSKA AB SER. B	Stockholm Stock Exchange	XSTO	Sweden
AKERBPO.XSTO	AKER BP ASA	Stockholm Stock Exchange	XSTO	Sweden
ORKO.XSTO	ORKLA	Stockholm Stock Exchange	XSTO	Sweden
BALD_B.XSTO	FASTIGHETS AB BALDER SER. B	Stockholm Stock Exchange	XSTO	Sweden
NIBE_B.XSTO	NIBE INDUSTRIER AB SER. B	Stockholm Stock Exchange	XSTO	Sweden
LUPE.XSTO	LUNDIN PETROLEUM AB	Stockholm Stock Exchange	XSTO	Sweden
SKF_B.XSTO	SKF, AB SER. B	Stockholm Stock Exchange	XSTO	Sweden
SKF_A.XSTO	SKF, AB SER. A	Stockholm Stock Exchange	XSTO	Sweden
ICA.XSTO	ICA GRUPPEN AB	Stockholm Stock Exchange	XSTO	Sweden
SCA_A.XSTO	SVENSKA CELLULOSA AB SCA SER. A	Stockholm Stock Exchange	XSTO	Sweden
SCA_B.XSTO	SVENSKA CELLULOSA AB SCA SER. B	Stockholm Stock Exchange	XSTO	Sweden
EVO.XSTO	EVOLUTION GAMING GROUP AB	Stockholm Stock Exchange	XSTO	Sweden
ELUX_A.XSTO	ELECTROLUX, AB SER. A	Stockholm Stock Exchange	XSTO	Sweden
CAST.XSTO	CASTELLUM AB	Stockholm Stock Exchange	XSTO	Sweden
SBB_D.XSTO	SAMHALLSBYGGNADSBO. I NORDEN AB SER. D	Stockholm Stock Exchange	XSTO	Sweden
SAGA_A.XSTO	SAGAX AB A	Stockholm Stock Exchange	XSTO	Sweden
SCHAO.XSTO	SCHIBSTED ASA SER. A	Stockholm Stock Exchange	XSTO	Sweden
AKEL_D.XSTO	AKELIUS RESIDENTIAL PROPERTY AB SER. D	Stockholm Stock Exchange	XSTO	Sweden
ELUX_B.XSTO	ELECTROLUX, AB SER. B	Stockholm Stock Exchange	XSTO	Sweden
ALIV_SDB.XSTO	AUTOLIV INC. SDB	Stockholm Stock Exchange	XSTO	Sweden
NHYO.XSTO	NORSK HYDRO	Stockholm Stock Exchange	XSTO	Sweden
KINV_A.XSTO	KINNEVIK AB SER. A	Stockholm Stock Exchange	XSTO	Sweden
BOL.XSTO	BOLIDEN AB	Stockholm Stock Exchange	XSTO	Sweden
HOLM_A.XSTO	HOLMEN AB SER. A	Stockholm Stock Exchange	XSTO	Sweden
SCHBO.XSTO	SCHIBSTED SER. B	Stockholm Stock Exchange	XSTO	Sweden
SAGA_B.XSTO	SAGAX AB B	Stockholm Stock Exchange	XSTO	Sweden
KINV_B.XSTO	KINNEVIK AB SER. B	Stockholm Stock Exchange	XSTO	Sweden
FABG.XSTO	FABEGE AB	Stockholm Stock Exchange	XSTO	Sweden
SBB_B.XSTO	SAMHALLSBYGGNADSBO. I NORDEN AB SER. B	Stockholm Stock Exchange	XSTO	Sweden
SALMO.XSTO	SALMAR ASA	Stockholm Stock Exchange	XSTO	Sweden
SECU_B.XSTO	SECURITAS AB SER. B	Stockholm Stock Exchange	XSTO	Sweden
SOBI.XSTO	SWEDISH ORPHAN BIOVITRUM AB	Stockholm Stock Exchange	XSTO	Sweden
TOMO.XSTO	TOMRA SYSTEMS	Stockholm Stock Exchange	XSTO	Sweden
HOLM_B.XSTO	HOLMEN AB SER. B	Stockholm Stock Exchange	XSTO	Sweden
LIFCO_B.XSTO	LIFCO AB SER.B	Stockholm Stock Exchange	XSTO	Sweden
GETI_B.XSTO	GETINGE AB SER. B	Stockholm Stock Exchange	XSTO	Sweden
TIGO_SDB.XSTO	MILLICOM INTERNATIONAL CELLULAR S.A. SDB	Stockholm Stock Exchange	XSTO	Sweden
AAK.XSTO	AAK AB	Stockholm Stock Exchange	XSTO	Sweden
TREL_B.XSTO	TRELLEBORG AB SER. B	Stockholm Stock Exchange	XSTO	Sweden
EKTA_B.XSTO	ELEKTA AB SER. B	Stockholm Stock Exchange	XSTO	Sweden
AXFO.XSTO	AXFOOD AB	Stockholm Stock Exchange	XSTO	Sweden
WALL_B.XSTO	WALLENSTAM AB SER. B	Stockholm Stock Exchange	XSTO	Sweden
INDT.XSTO	INDUTRADE AB	Stockholm Stock Exchange	XSTO	Sweden
HUSQ_A.XSTO	HUSQVARNA AB SER. A	Stockholm Stock Exchange	XSTO	Sweden
HUSQ_B.XSTO	HUSQVARNA AB SER. B	Stockholm Stock Exchange	XSTO	Sweden
LUMI.XSTO	LUNDIN MINING CORPORATION	Stockholm Stock Exchange	XSTO	Sweden
SWEC_B.XSTO	SWECO AB SER. B	Stockholm Stock Exchange	XSTO	Sweden
SWEC_A.XSTO	SWECO AB SER. A	Stockholm Stock Exchange	XSTO	Sweden
HUFV_A.XSTO	HUFVUDSTADEN AB SER. A	Stockholm Stock Exchange	XSTO	Sweden
SAAB_B.XSTO	SAAB AB SER. B	Stockholm Stock Exchange	XSTO	Sweden
LSGO.XSTO	LEROY SEAFOOD GROUP ASA	Stockholm Stock Exchange	XSTO	Sweden
BAKKAO.XSTO	BAKKAFROST P/F	Stockholm Stock Exchange	XSTO	Sweden
BEIJ_B.XSTO	BEIJER REF AB SER. B	Stockholm Stock Exchange	XSTO	Sweden
TIETOS.XSTO	TIETOEVRY CORPORATION	Stockholm Stock Exchange	XSTO	Sweden
TIETOOO.XSTO	TIETOEVRY CORPORATION	Stockholm Stock Exchange	XSTO	Sweden
AKERO.XSTO	AKER	Stockholm Stock Exchange	XSTO	Sweden
PNDX_B.XSTO	PANDOX AB SER. B	Stockholm Stock Exchange	XSTO	Sweden
INTRUM.XSTO	INTRUM AB	Stockholm Stock Exchange	XSTO	Sweden
SSAB_A.XSTO	SSAB AB SER. A	Stockholm Stock Exchange	XSTO	Sweden
KOGO.XSTO	KONGSBERG GRUPPEN ASA	Stockholm Stock Exchange	XSTO	Sweden
EMBRAC_B.XSTO	EMBRACER GROUP AB SER. B	Stockholm Stock Exchange	XSTO	Sweden
SSAB_B.XSTO	SSAB AB SER. B	Stockholm Stock Exchange	XSTO	Sweden
WIHL.XSTO	WIHLBORGS FASTIGHETER AB	Stockholm Stock Exchange	XSTO	Sweden
PEAB_B.XSTO	PEAB AB SER. B	Stockholm Stock Exchange	XSTO	Sweden
STBO.XSTO	STOREBRAND	Stockholm Stock Exchange	XSTO	Sweden
ENTRAO.XSTO	ENTRA ASA	Stockholm Stock Exchange	XSTO	Sweden
ATRLJ_B.XSTO	ATRIUM LJUNGBERG AB SER. B	Stockholm Stock Exchange	XSTO	Sweden
LOOM_B.XSTO	LOOMIS AB SER. B	Stockholm Stock Exchange	XSTO	Sweden
TGSO.XSTO	TGS-NOPEC GEOPHYSICAL COMPANY	Stockholm Stock Exchange	XSTO	Sweden
AF_B.XSTO	AF POYRY AB SER. B	Stockholm Stock Exchange	XSTO	Sweden
SUBCO.XSTO	SUBSEA 7 S.A.	Stockholm Stock Exchange	XSTO	Sweden
HPOL_B.XSTO	HEXPOL AB SER. B	Stockholm Stock Exchange	XSTO	Sweden
BILL.XSTO	BILLERUDKORSNAS AB	Stockholm Stock Exchange	XSTO	Sweden
SRBANKO.XSTO	SPAREBANK 1 SR-BANK ASA	Stockholm Stock Exchange	XSTO	Sweden
DOM.XSTO	DOMETIC GROUP AB	Stockholm Stock Exchange	XSTO	Sweden
SINCH.XSTO	SINCH AB	Stockholm Stock Exchange	XSTO	Sweden
KLED.XSTO	KUNGSLEDEN AB	Stockholm Stock Exchange	XSTO	Sweden
THULE.XSTO	THULE GROUP AB	Stockholm Stock Exchange	XSTO	Sweden
SSOO.XSTO	SCATEC SOLAR ASA	Stockholm Stock Exchange	XSTO	Sweden
NENT_B.XSTO	NORDIC ENTERTAINMENT GROUP AB SER. B	Stockholm Stock Exchange	XSTO	Sweden
NENT_A.XSTO	NORDIC ENTERTAINMENT GROUP AB SER. A	Stockholm Stock Exchange	XSTO	Sweden
ADDT_B.XSTO	ADDTECH AB SER. B	Stockholm Stock Exchange	XSTO	Sweden
BRAV.XSTO	BRAVIDA HOLDING AB	Stockholm Stock Exchange	XSTO	Sweden
FPAR_D.XSTO	FASTPARTNER AB SER. D	Stockholm Stock Exchange	XSTO	Sweden
FPAR_A.XSTO	FASTPARTNER AB SER. A	Stockholm Stock Exchange	XSTO	Sweden
KLOV_A.XSTO	KLOVERN AB SER. A	Stockholm Stock Exchange	XSTO	Sweden
JM.XSTO	JM AB	Stockholm Stock Exchange	XSTO	Sweden
NCC_B.XSTO	NCC AB SER. B	Stockholm Stock Exchange	XSTO	Sweden
NCC_A.XSTO	NCC AB SER. A	Stockholm Stock Exchange	XSTO	Sweden
KLOV_B.XSTO	KLOVERN AB SER. B	Stockholm Stock Exchange	XSTO	Sweden
AFGO.XSTO	AF GRUPPEN ASA	Stockholm Stock Exchange	XSTO	Sweden
VITR.XSTO	VITROLIFE AB	Stockholm Stock Exchange	XSTO	Sweden
OLTO.XSTO	OLAV THON EIENDOMSSELSKAP ASA	Stockholm Stock Exchange	XSTO	Sweden
AUSSO.XSTO	AUSTEVOLL SEAFOOD ASA	Stockholm Stock Exchange	XSTO	Sweden
NOFIO.XSTO	NORWEGIAN FINANS HOLDING ASA	Stockholm Stock Exchange	XSTO	Sweden
LUG.XSTO	LUNDIN GOLD INC.	Stockholm Stock Exchange	XSTO	Sweden
MCOV_B.XSTO	MEDICOVER AB SER. B	Stockholm Stock Exchange	XSTO	Sweden
FROO.XSTO	FRONTLINE	Stockholm Stock Exchange	XSTO	Sweden
AM1S.XSTO	AHLSTROM-MUNKSJO OYJ	Stockholm Stock Exchange	XSTO	Sweden
VEIO.XSTO	VEIDEKKE ASA	Stockholm Stock Exchange	XSTO	Sweden
AZA.XSTO	AVANZA BANK HOLDING AB	Stockholm Stock Exchange	XSTO	Sweden
PDX.XSTO	PARADOX INTERACTIVE AB	Stockholm Stock Exchange	XSTO	Sweden
SAGA_D.XSTO	SAGAX AB D	Stockholm Stock Exchange	XSTO	Sweden
ARJO_B.XSTO	ARJO AB SER. B	Stockholm Stock Exchange	XSTO	Sweden
NELO.XSTO	NEL ASA	Stockholm Stock Exchange	XSTO	Sweden
NYF.XSTO	NYFOSA AB	Stockholm Stock Exchange	XSTO	Sweden
SECT_B.XSTO	SECTRA AB SER B	Stockholm Stock Exchange	XSTO	Sweden
GSFO.XSTO	GRIEG SEAFOOD ASA	Stockholm Stock Exchange	XSTO	Sweden
NOLA_B.XSTO	NOLATO AB SER. B	Stockholm Stock Exchange	XSTO	Sweden
MYCR.XSTO	MYCRONIC AB	Stockholm Stock Exchange	XSTO	Sweden
SF.XSTO	STILLFRONT GROUP AB	Stockholm Stock Exchange	XSTO	Sweden
CATE.XSTO	CATENA AB	Stockholm Stock Exchange	XSTO	Sweden
BURE.XSTO	BURE EQUITY AB	Stockholm Stock Exchange	XSTO	Sweden
VNE_SDB.XSTO	VEONEER INC. SDB	Stockholm Stock Exchange	XSTO	Sweden
PLAZ_B.XSTO	PLATZER FASTIGHETER HOLDING AB SER. B	Stockholm Stock Exchange	XSTO	Sweden
DIOS.XSTO	DIOS FASTIGHETER AB	Stockholm Stock Exchange	XSTO	Sweden
ATEAO.XSTO	ATEA	Stockholm Stock Exchange	XSTO	Sweden
ELKO.XSTO	ELKEM ASA	Stockholm Stock Exchange	XSTO	Sweden
FOI_B.XSTO	FENIX OUTDOOR INTERNATIONAL AG SER. B	Stockholm Stock Exchange	XSTO	Sweden
PCELL.XSTO	POWERCELL SWEDEN AB	Stockholm Stock Exchange	XSTO	Sweden
BRGO.XSTO	BORREGAARD ASA	Stockholm Stock Exchange	XSTO	Sweden
ARION_SDB.XSTO	ARION BANKI HF SDB	Stockholm Stock Exchange	XSTO	Sweden
RESURS.XSTO	RESURS HOLDING AB	Stockholm Stock Exchange	XSTO	Sweden
NOBI.XSTO	NOBIA AB	Stockholm Stock Exchange	XSTO	Sweden
KIND_SDB.XSTO	KINDRED GROUP PLC	Stockholm Stock Exchange	XSTO	Sweden
NRSO.XSTO	NORWAY ROYAL SALMON ASA	Stockholm Stock Exchange	XSTO	Sweden
LAGR_B.XSTO	LAGERCRANTZ GROUP AB SER B	Stockholm Stock Exchange	XSTO	Sweden
RATO_A.XSTO	RATOS AB SER. A	Stockholm Stock Exchange	XSTO	Sweden
RATO_B.XSTO	RATOS AB SER. B	Stockholm Stock Exchange	XSTO	Sweden
BILI_A.XSTO	BILIA AB SER. A	Stockholm Stock Exchange	XSTO	Sweden
KARO.XSTO	KARO PHARMA AB	Stockholm Stock Exchange	XSTO	Sweden
RECI_B.XSTO	RECIPHARM AB SER. B	Stockholm Stock Exchange	XSTO	Sweden
CORE_B.XSTO	COREM PROPERTY GROUP AB SER. B	Stockholm Stock Exchange	XSTO	Sweden
ALIF_B.XSTO	ADDLIFE AB SER. B	Stockholm Stock Exchange	XSTO	Sweden
NODO.XSTO	NORDIC SEMICONDUCTOR ASA	Stockholm Stock Exchange	XSTO	Sweden
CORE_A.XSTO	COREM PROPERTY GROUP AB SER. A	Stockholm Stock Exchange	XSTO	Sweden
CLA_B.XSTO	CLOETTA AB SER. B	Stockholm Stock Exchange	XSTO	Sweden
BONAV_A.XSTO	BONAVA AB SER. A	Stockholm Stock Exchange	XSTO	Sweden
SHOT.XSTO	SCANDIC HOTELS GROUP AB	Stockholm Stock Exchange	XSTO	Sweden
FAG.XSTO	FAGERHULT, AB	Stockholm Stock Exchange	XSTO	Sweden
LIAB.XSTO	LINDAB INTERNATIONAL AB	Stockholm Stock Exchange	XSTO	Sweden
BONO.XSTO	BONHEUR ASA	Stockholm Stock Exchange	XSTO	Sweden
BONAV_B.XSTO	BONAVA AB SER. B	Stockholm Stock Exchange	XSTO	Sweden
FKRAFTO.XSTO	FJORDKRAFT HOLDING ASA	Stockholm Stock Exchange	XSTO	Sweden
BWLPGO.XSTO	BW LPG LIMITED	Stockholm Stock Exchange	XSTO	Sweden
ATT.XSTO	ATTENDO AB	Stockholm Stock Exchange	XSTO	Sweden
BIOT.XSTO	BIOTAGE AB	Stockholm Stock Exchange	XSTO	Sweden
SYSR.XSTO	SYSTEMAIR AB	Stockholm Stock Exchange	XSTO	Sweden
MTRS.XSTO	MUNTERS GROUP AB	Stockholm Stock Exchange	XSTO	Sweden
COOR.XSTO	COOR SERVICE MANAGEMENT HOLDING AB	Stockholm Stock Exchange	XSTO	Sweden
SKIS_B.XSTO	SKISTAR AB SER. B	Stockholm Stock Exchange	XSTO	Sweden
BIOG_B.XSTO	BIOGAIA AB SER. B	Stockholm Stock Exchange	XSTO	Sweden
SBLKO.XSTO	STAR BULK CARRIERS CORP.	Stockholm Stock Exchange	XSTO	Sweden
HAFNIAO.XSTO	HAFNIA LIMITED	Stockholm Stock Exchange	XSTO	Sweden
STORY_B.XSTO	STORYTEL AB SER. B	Stockholm Stock Exchange	XSTO	Sweden
DNOO.XSTO	DNO ASA	Stockholm Stock Exchange	XSTO	Sweden
HEBA_B.XSTO	HEBA FASTIGHETS AB SER. B	Stockholm Stock Exchange	XSTO	Sweden
BEIA_B.XSTO	BEIJER ALMA AB SER. B	Stockholm Stock Exchange	XSTO	Sweden
WALWILO.XSTO	WALLENIUS WILHELMSEN ASA	Stockholm Stock Exchange	XSTO	Sweden
BWOO.XSTO	BW OFFSHORE LIMITED	Stockholm Stock Exchange	XSTO	Sweden
TROAX.XSTO	TROAX GROUP AB	Stockholm Stock Exchange	XSTO	Sweden
OCYO.XSTO	OCEAN YIELD ASA	Stockholm Stock Exchange	XSTO	Sweden
INSTAL.XSTO	INSTALCO AB	Stockholm Stock Exchange	XSTO	Sweden
SMF.XSTO	SEMAFO INC.	Stockholm Stock Exchange	XSTO	Sweden
CEVI.XSTO	CELLAVISION AB	Stockholm Stock Exchange	XSTO	Sweden
NPROO.XSTO	NORWEGIAN PROPERTY	Stockholm Stock Exchange	XSTO	Sweden
SBANKO.XSTO	SBANKEN ASA	Stockholm Stock Exchange	XSTO	Sweden
BHG.XSTO	BYGGHEMMA GROUP FIRST AB	Stockholm Stock Exchange	XSTO	Sweden
BETS_B.XSTO	BETSSON AB SER. B	Stockholm Stock Exchange	XSTO	Sweden
AFKO.XSTO	ARENDALS FOSSEKOMPANI ASA	Stockholm Stock Exchange	XSTO	Sweden
BIOA_B.XSTO	BIOARCTIC AB SER. B	Stockholm Stock Exchange	XSTO	Sweden
WWIO.XSTO	WILH. WILHELMSEN HOLDING ASA A	Stockholm Stock Exchange	XSTO	Sweden
SNIO.XSTO	STOLT-NIELSEN LTD.	Stockholm Stock Exchange	XSTO	Sweden
WWIBO.XSTO	WILH. WILHELMSEN HOLDING ASA B	Stockholm Stock Exchange	XSTO	Sweden
ONCO.XSTO	ONCOPEPTIDES AB	Stockholm Stock Exchange	XSTO	Sweden
VIT_B.XSTO	VITEC SOFTWARE GROUP AB SER. B	Stockholm Stock Exchange	XSTO	Sweden
MTG_A.XSTO	MODERN TIMES GROUP MTG AB SER. A	Stockholm Stock Exchange	XSTO	Sweden
COLL.XSTO	COLLECTOR AB	Stockholm Stock Exchange	XSTO	Sweden
CLAS_B.XSTO	CLAS OHLSON AB SER. B	Stockholm Stock Exchange	XSTO	Sweden
NOBINA.XSTO	NOBINA AB	Stockholm Stock Exchange	XSTO	Sweden
NP3.XSTO	NP3 FASTIGHETER AB	Stockholm Stock Exchange	XSTO	Sweden
MIPS.XSTO	MIPS AB	Stockholm Stock Exchange	XSTO	Sweden
HMS.XSTO	HMS NETWORKS AB	Stockholm Stock Exchange	XSTO	Sweden
CRED_A.XSTO	CREADES AB A	Stockholm Stock Exchange	XSTO	Sweden
ANOD_B.XSTO	ADDNODE GROUP AB SER. B	Stockholm Stock Exchange	XSTO	Sweden
SBOO.XSTO	SELVAAG BOLIG ASA	Stockholm Stock Exchange	XSTO	Sweden
GRNG.XSTO	GRANGES AB	Stockholm Stock Exchange	XSTO	Sweden
DUNI.XSTO	DUNI AB	Stockholm Stock Exchange	XSTO	Sweden
ALIG.XSTO	ALIMAK GROUP AB	Stockholm Stock Exchange	XSTO	Sweden
HEXO.XSTO	HEXAGON COMPOSITES ASA	Stockholm Stock Exchange	XSTO	Sweden
ORES.XSTO	ORESUND, INVESTMENT AB	Stockholm Stock Exchange	XSTO	Sweden
MTG_B.XSTO	MODERN TIMES GROUP MTG AB SER. B	Stockholm Stock Exchange	XSTO	Sweden
AMBEA.XSTO	AMBEA AB	Stockholm Stock Exchange	XSTO	Sweden
ACAD.XSTO	ACADEMEDIA AB	Stockholm Stock Exchange	XSTO	Sweden
IVSO.XSTO	INVISIO COMMUNICATIONS AB	Stockholm Stock Exchange	XSTO	Sweden
ODLO.XSTO	ODFJELL DRILLING LTD	Stockholm Stock Exchange	XSTO	Sweden
DUST.XSTO	DUSTIN GROUP AB	Stockholm Stock Exchange	XSTO	Sweden
NET_B.XSTO	NETENT AB SER. B	Stockholm Stock Exchange	XSTO	Sweden
GOGLO.XSTO	GOLDEN OCEAN GROUP LIMITED	Stockholm Stock Exchange	XSTO	Sweden
SSCO.XSTO	THE SCOTTISH SALMON COMPANY LTD.	Stockholm Stock Exchange	XSTO	Sweden
KFAST_B.XSTO	K-FAST HOLDING AB B	Stockholm Stock Exchange	XSTO	Sweden
OEM_B.XSTO	OEM INTERNATIONAL AB SER. B	Stockholm Stock Exchange	XSTO	Sweden
EPRO.XSTO	EUROPRIS ASA	Stockholm Stock Exchange	XSTO	Sweden
VNV_SDB.XSTO	VOSTOK NEW VENTURES LTD	Stockholm Stock Exchange	XSTO	Sweden
ABSO.XSTO	ABSOLENT GROUP AB	Stockholm Stock Exchange	XSTO	Sweden
KAR.XSTO	KARNOV GROUP AB	Stockholm Stock Exchange	XSTO	Sweden
COIC.XSTO	CONCENTRIC AB	Stockholm Stock Exchange	XSTO	Sweden
INWI.XSTO	INWIDO AB	Stockholm Stock Exchange	XSTO	Sweden
NORO.XSTO	NORWEGIAN ENERGY COMPANY ASA	Stockholm Stock Exchange	XSTO	Sweden
IPCO.XSTO	INTERNATIONAL PETROLEUM CORPORATION	Stockholm Stock Exchange	XSTO	Sweden
PGSO.XSTO	PGS ASA	Stockholm Stock Exchange	XSTO	Sweden
ADAPT.XSTO	ADAPTEO OYJ	Stockholm Stock Exchange	XSTO	Sweden
NMAN.XSTO	NEDERMAN HOLDING AB	Stockholm Stock Exchange	XSTO	Sweden
CAMX.XSTO	CAMURUS AB	Stockholm Stock Exchange	XSTO	Sweden
BTS_B.XSTO	BTS GROUP AB SER. B	Stockholm Stock Exchange	XSTO	Sweden
BOUVETO.XSTO	BOUVET ASA	Stockholm Stock Exchange	XSTO	Sweden
CIBUS.XSTO	CIBUS NORDIC REAL ESTATE AB	Stockholm Stock Exchange	XSTO	Sweden
FING_B.XSTO	FINGERPRINT CARDS AB SER. B	Stockholm Stock Exchange	XSTO	Sweden
JOMA.XSTO	JOHN MATTSON FASTIGHETSFORETAGEN AB	Stockholm Stock Exchange	XSTO	Sweden
SCST.XSTO	SCANDI STANDARD AB	Stockholm Stock Exchange	XSTO	Sweden
FJORDO.XSTO	FJORD1 ASA	Stockholm Stock Exchange	XSTO	Sweden
CRAYONO.XSTO	CRAYON GROUP HOLDING ASA	Stockholm Stock Exchange	XSTO	Sweden
CLNK_B.XSTO	CELLINK AB SER. B	Stockholm Stock Exchange	XSTO	Sweden
KAMBI.XSTO	KAMBI GROUP PLC	Stockholm Stock Exchange	XSTO	Sweden
TRIAN_B.XSTO	FASTIGHETS AB TRIANON SER. B	Stockholm Stock Exchange	XSTO	Sweden
BETCO.XSTO	BETTER COLLECTIVE A/S	Stockholm Stock Exchange	XSTO	Sweden
BUFAB.XSTO	BUFAB AB	Stockholm Stock Exchange	XSTO	Sweden
MEKO.XSTO	MEKONOMEN AB	Stockholm Stock Exchange	XSTO	Sweden
ENQ.XSTO	ENQUEST PLC	Stockholm Stock Exchange	XSTO	Sweden
HOFI.XSTO	HOIST FINANCE AB	Stockholm Stock Exchange	XSTO	Sweden
STEF_B.XSTO	STENDORREN FASTIGHETER AB SER. B	Stockholm Stock Exchange	XSTO	Sweden
AOI.XSTO	AFRICA OIL CORP.	Stockholm Stock Exchange	XSTO	Sweden
TOBII.XSTO	TOBII AB	Stockholm Stock Exchange	XSTO	Sweden
ICEO.XSTO	ICE GROUP ASA	Stockholm Stock Exchange	XSTO	Sweden
SWOL_B.XSTO	SWEDOL AB SER. B	Stockholm Stock Exchange	XSTO	Sweden
XVIVO.XSTO	XVIVO PERFUSION AB	Stockholm Stock Exchange	XSTO	Sweden
EOLU_B.XSTO	EOLUS VIND AB SER. B	Stockholm Stock Exchange	XSTO	Sweden
ALM.XSTO	ALM EQUITY AB	Stockholm Stock Exchange	XSTO	Sweden
SAS.XSTO	SAS AB	Stockholm Stock Exchange	XSTO	Sweden
SAS_NOKO.XSTO	SAS AB	Stockholm Stock Exchange	XSTO	Sweden
DATO.XSTO	DATA RESPONS ASA	Stockholm Stock Exchange	XSTO	Sweden
AMAST.XSTO	AMASTEN FASTIGHETS AB	Stockholm Stock Exchange	XSTO	Sweden
CALTX.XSTO	CALLIDITAS THERAPEUTICS AB	Stockholm Stock Exchange	XSTO	Sweden
SVOL_A.XSTO	SVOLDER AB SER. A	Stockholm Stock Exchange	XSTO	Sweden
VBG_B.XSTO	VBG GROUP AB SER. B	Stockholm Stock Exchange	XSTO	Sweden
HNSA.XSTO	HANSA BIOPHARMA AB	Stockholm Stock Exchange	XSTO	Sweden
NEWA_B.XSTO	NEW WAVE GROUP AB SER. B	Stockholm Stock Exchange	XSTO	Sweden
FLNGO.XSTO	FLEX LNG LTD	Stockholm Stock Exchange	XSTO	Sweden
AKSOO.XSTO	AKER SOLUTIONS ASA	Stockholm Stock Exchange	XSTO	Sweden
NASO.XSTO	NORWEGIAN AIR SHUTTLE ASA	Stockholm Stock Exchange	XSTO	Sweden
NSKOGO.XSTO	NORSKE SKOG ASA	Stockholm Stock Exchange	XSTO	Sweden
VOLO.XSTO	VOLATI AB	Stockholm Stock Exchange	XSTO	Sweden
SEDANA.XSTO	SEDANA MEDICAL AB	Stockholm Stock Exchange	XSTO	Sweden
SVOL_B.XSTO	SVOLDER AB SER. B	Stockholm Stock Exchange	XSTO	Sweden
KNOW.XSTO	KNOWIT AB	Stockholm Stock Exchange	XSTO	Sweden
BACTI_B.XSTO	BACTIGUARD HOLDING AB SER. B	Stockholm Stock Exchange	XSTO	Sweden
SDIP_B.XSTO	SDIPTECH AB SER. B	Stockholm Stock Exchange	XSTO	Sweden
BOOZT.XSTO	BOOZT AB	Stockholm Stock Exchange	XSTO	Sweden
GARO.XSTO	GARO AB	Stockholm Stock Exchange	XSTO	Sweden
ENEA.XSTO	ENEA AB	Stockholm Stock Exchange	XSTO	Sweden
OASM.XSTO	OASMIA PHARMACEUTICAL AB	Stockholm Stock Exchange	XSTO	Sweden
AQ.XSTO	AQ GROUP AB	Stockholm Stock Exchange	XSTO	Sweden
IMMNOV.XSTO	IMMUNOVIA AB	Stockholm Stock Exchange	XSTO	Sweden
MMGR_B.XSTO	MOMENTUM GROUP AB SER. B	Stockholm Stock Exchange	XSTO	Sweden
EAST.XSTO	EASTNINE AB	Stockholm Stock Exchange	XSTO	Sweden
MSON_A.XSTO	MIDSONA AB SER. A	Stockholm Stock Exchange	XSTO	Sweden
PARBO.XSTO	PARETO BANK ASA	Stockholm Stock Exchange	XSTO	Sweden
MEDIO.XSTO	MEDISTIM ASA	Stockholm Stock Exchange	XSTO	Sweden
MSON_B.XSTO	MIDSONA AB SER. B	Stockholm Stock Exchange	XSTO	Sweden
CLIME_B.XSTO	CLIMEON AB SER. B	Stockholm Stock Exchange	XSTO	Sweden
RAY_B.XSTO	RAYSEARCH LABORATORIES AB SER. B	Stockholm Stock Exchange	XSTO	Sweden
VOWO.XSTO	VOW ASA	Stockholm Stock Exchange	XSTO	Sweden
ENG.XSTO	INTERNATIONELLA ENGELSKA SKOLAN I SVE AB	Stockholm Stock Exchange	XSTO	Sweden
CTT.XSTO	CTT SYSTEMS AB	Stockholm Stock Exchange	XSTO	Sweden
PROTCTO.XSTO	PROTECTOR FORSIKRING ASA	Stockholm Stock Exchange	XSTO	Sweden
LIME.XSTO	LIME TECHNOLOGIES AB	Stockholm Stock Exchange	XSTO	Sweden
LEO.XSTO	LEOVEGAS AB	Stockholm Stock Exchange	XSTO	Sweden
ELAN_B.XSTO	ELANDERS AB SER. B	Stockholm Stock Exchange	XSTO	Sweden
TRAC_B.XSTO	TRACTION AB SER. B	Stockholm Stock Exchange	XSTO	Sweden
ELTEL.XSTO	ELTEL AB	Stockholm Stock Exchange	XSTO	Sweden
AVANCEO.XSTO	AVANCE GAS HOLDING LTD.	Stockholm Stock Exchange	XSTO	Sweden
TREO.XSTO	TREASURE ASA	Stockholm Stock Exchange	XSTO	Sweden
XANO_B.XSTO	XANO INDUSTRI AB SER. B	Stockholm Stock Exchange	XSTO	Sweden
K2A_B.XSTO	K2A KNAUST & ANDERSSON FASTIGHETER B	Stockholm Stock Exchange	XSTO	Sweden
PRIC_B.XSTO	PRICER AB SER. B	Stockholm Stock Exchange	XSTO	Sweden
HBCO.XSTO	HOFSETH BIOCARE ASA	Stockholm Stock Exchange	XSTO	Sweden
MCAP.XSTO	MEDCAP AB	Stockholm Stock Exchange	XSTO	Sweden
HUM.XSTO	HUMANA AB	Stockholm Stock Exchange	XSTO	Sweden
HIQ.XSTO	HIQ INTERNATIONAL AB	Stockholm Stock Exchange	XSTO	Sweden
B2HO.XSTO	B2HOLDING ASA	Stockholm Stock Exchange	XSTO	Sweden
OPUS.XSTO	OPUS GROUP AB	Stockholm Stock Exchange	XSTO	Sweden
ARCUSO.XSTO	ARCUS ASA	Stockholm Stock Exchange	XSTO	Sweden
NWG.XSTO	NORDIC WATERPROOFING HOLDING A/S	Stockholm Stock Exchange	XSTO	Sweden
AXAO.XSTO	AXACTOR SE	Stockholm Stock Exchange	XSTO	Sweden
SUS.XSTO	SURGICAL SCIENCE SWEDEN AB	Stockholm Stock Exchange	XSTO	Sweden
TFBANK.XSTO	TF BANK AB	Stockholm Stock Exchange	XSTO	Sweden
SHLFO.XSTO	SHELF DRILLING LTD.	Stockholm Stock Exchange	XSTO	Sweden
PROB.XSTO	PROBI AB	Stockholm Stock Exchange	XSTO	Sweden
SSGO.XSTO	SELF STORAGE GROUP ASA	Stockholm Stock Exchange	XSTO	Sweden
KVAERO.XSTO	KVAERNER ASA	Stockholm Stock Exchange	XSTO	Sweden
KIDO.XSTO	KID ASA	Stockholm Stock Exchange	XSTO	Sweden
AKVAO.XSTO	AKVA GROUP ASA	Stockholm Stock Exchange	XSTO	Sweden
OTELLOO.XSTO	OTELLO CORPORATION ASA	Stockholm Stock Exchange	XSTO	Sweden
CAT_A.XSTO	CATELLA AB SER. A	Stockholm Stock Exchange	XSTO	Sweden
TETY.XSTO	TETHYS OIL AB	Stockholm Stock Exchange	XSTO	Sweden
OVZON.XSTO	OVZON AB	Stockholm Stock Exchange	XSTO	Sweden
HUNTO.XSTO	HUNTER GROUP ASA	Stockholm Stock Exchange	XSTO	Sweden
NCAB.XSTO	NCAB GROUP AB	Stockholm Stock Exchange	XSTO	Sweden
RAKPO.XSTO	RAK PETROLEUM PLC	Stockholm Stock Exchange	XSTO	Sweden
AKAO.XSTO	AKASTOR ASA	Stockholm Stock Exchange	XSTO	Sweden
REJL_B.XSTO	REJLERS AB SER. B	Stockholm Stock Exchange	XSTO	Sweden
CAT_B.XSTO	CATELLA AB SER. B	Stockholm Stock Exchange	XSTO	Sweden
IAR_B.XSTO	I.A.R SYSTEMS GROUP AB SER. B	Stockholm Stock Exchange	XSTO	Sweden
BALCO.XSTO	BALCO GROUP AB	Stockholm Stock Exchange	XSTO	Sweden
OETO.XSTO	OKEANIS ECO TANKERS CORP	Stockholm Stock Exchange	XSTO	Sweden
ODFO.XSTO	ODFJELL SE A	Stockholm Stock Exchange	XSTO	Sweden
BRIN_B.XSTO	BRINOVA FASTIGHETER AB SER. B	Stockholm Stock Exchange	XSTO	Sweden
BESQ.XSTO	BESQAB AB	Stockholm Stock Exchange	XSTO	Sweden
VEMF_SDB.XSTO	VOSTOK EMERGING FINANCE LTD	Stockholm Stock Exchange	XSTO	Sweden
GUNN.XSTO	GUNNEBO AB	Stockholm Stock Exchange	XSTO	Sweden
KITO.XSTO	KITRON ASA	Stockholm Stock Exchange	XSTO	Sweden
HTRO.XSTO	HEXATRONIC GROUP AB	Stockholm Stock Exchange	XSTO	Sweden
HANDI.XSTO	HANDICARE GROUP AB	Stockholm Stock Exchange	XSTO	Sweden
SPEC.XSTO	SPECTRACURE AB	Stockholm Stock Exchange	XSTO	Sweden
CCC.XSTO	CAVOTEC SA	Stockholm Stock Exchange	XSTO	Sweden
BERG_B.XSTO	BERGMAN & BEVING AKTIEBOLAG SER. B	Stockholm Stock Exchange	XSTO	Sweden
HLDX.XSTO	HALDEX AB	Stockholm Stock Exchange	XSTO	Sweden
ORX.XSTO	OREXO AB	Stockholm Stock Exchange	XSTO	Sweden
LUC.XSTO	LUCARA DIAMOND CORP	Stockholm Stock Exchange	XSTO	Sweden
PHOO.XSTO	PHOTOCURE ASA	Stockholm Stock Exchange	XSTO	Sweden
KOAO.XSTO	KONGSBERG AUTOMOTIVE ASA	Stockholm Stock Exchange	XSTO	Sweden
AMSCO.XSTO	AMERICAN SHIPPING COMPANY ASA	Stockholm Stock Exchange	XSTO	Sweden
PCIBO.XSTO	PCI BIOTECH HOLDING ASA	Stockholm Stock Exchange	XSTO	Sweden
NRCO.XSTO	NRC GROUP ASA	Stockholm Stock Exchange	XSTO	Sweden
BDRILLO.XSTO	BORR DRILLING LIMITED	Stockholm Stock Exchange	XSTO	Sweden
FNM.XSTO	FERRONORDIC AB	Stockholm Stock Exchange	XSTO	Sweden
MULTIO.XSTO	MULTICONSULT ASA	Stockholm Stock Exchange	XSTO	Sweden
MINEST.XSTO	MINESTO AB	Stockholm Stock Exchange	XSTO	Sweden
BONEX.XSTO	BONESUPPORT HOLDING AB	Stockholm Stock Exchange	XSTO	Sweden
LYKO_A.XSTO	LYKO GROUP AB SER. A	Stockholm Stock Exchange	XSTO	Sweden
MAHA_A.XSTO	MAHA ENERGY AB	Stockholm Stock Exchange	XSTO	Sweden
ASCO.XSTO	ABG SUNDAL COLLIER HOLDING ASA	Stockholm Stock Exchange	XSTO	Sweden
MAG.XSTO	MAGNOLIA BOSTAD AB	Stockholm Stock Exchange	XSTO	Sweden
SRNKE_B.XSTO	SERNEKE GROUP AB B	Stockholm Stock Exchange	XSTO	Sweden
BMAX.XSTO	BYGGMAX GROUP AB	Stockholm Stock Exchange	XSTO	Sweden
AEC.XSTO	AFRICA ENERGY CORP.	Stockholm Stock Exchange	XSTO	Sweden
QLINEA.XSTO	Q-LINEA AB	Stockholm Stock Exchange	XSTO	Sweden
GENO.XSTO	GENOVIS AB	Stockholm Stock Exchange	XSTO	Sweden
RROS.XSTO	ROTTNEROS AB	Stockholm Stock Exchange	XSTO	Sweden
OKEAO.XSTO	OKEA ASA	Stockholm Stock Exchange	XSTO	Sweden
FASTAT.XSTO	AB FASTATOR	Stockholm Stock Exchange	XSTO	Sweden
CANTA.XSTO	CANTARGIA AB	Stockholm Stock Exchange	XSTO	Sweden
MNTC.XSTO	MENTICE AB	Stockholm Stock Exchange	XSTO	Sweden
HLNGO.XSTO	HOEGH LNG HOLDINGS LTD	Stockholm Stock Exchange	XSTO	Sweden
ARISE.XSTO	ARISE AB	Stockholm Stock Exchange	XSTO	Sweden
KOMPO.XSTO	KOMPLETT BANK ASA	Stockholm Stock Exchange	XSTO	Sweden
CRAD_B.XSTO	C-RAD AB SER. B	Stockholm Stock Exchange	XSTO	Sweden
MPCCO.XSTO	MPC CONTAINER SHIPS ASA	Stockholm Stock Exchange	XSTO	Sweden
CTM.XSTO	CATENA MEDIA P.L.C	Stockholm Stock Exchange	XSTO	Sweden
BELE.XSTO	BEIJER ELECTRONICS GROUP AB	Stockholm Stock Exchange	XSTO	Sweden
ULTIMOO.XSTO	ULTIMOVACS ASA	Stockholm Stock Exchange	XSTO	Sweden
EWRK.XSTO	EWORK GROUP AB	Stockholm Stock Exchange	XSTO	Sweden
BULTEN.XSTO	BULTEN AB	Stockholm Stock Exchange	XSTO	Sweden
TORSAB.XSTO	TORSLANDA PROPERTY INVESTMENT AB	Stockholm Stock Exchange	XSTO	Sweden
ITAB_B.XSTO	ITAB SHOP CONCEPT AB SER. B	Stockholm Stock Exchange	XSTO	Sweden
IBT_B.XSTO	INFANT BACTERIAL THERAPEUTICS AB SER. B	Stockholm Stock Exchange	XSTO	Sweden
SECARE.XSTO	SWEDENCARE AB	Stockholm Stock Exchange	XSTO	Sweden
BOUL.XSTO	BOULE DIAGNOSTICS AB	Stockholm Stock Exchange	XSTO	Sweden
SEYE.XSTO	SMART EYE AB	Stockholm Stock Exchange	XSTO	Sweden
JOSE.XSTO	JOSEMARIA RESOURCES INC.	Stockholm Stock Exchange	XSTO	Sweden
PACT.XSTO	PROACT IT GROUP AB	Stockholm Stock Exchange	XSTO	Sweden
FMM_B.XSTO	FM MATTSSON MORA GROUP AB, SER. B	Stockholm Stock Exchange	XSTO	Sweden
SINT.XSTO	SINTERCAST AB	Stockholm Stock Exchange	XSTO	Sweden
NLAB.XSTO	ENLABS AB	Stockholm Stock Exchange	XSTO	Sweden
SENS.XSTO	SENSYS GATSO GROUP AB	Stockholm Stock Exchange	XSTO	Sweden
IRLAB_A.XSTO	IRLAB THERAPEUTICS AB SER. A	Stockholm Stock Exchange	XSTO	Sweden
FOOT_B.XSTO	FOOTWAY GROUP AB SER. B	Stockholm Stock Exchange	XSTO	Sweden
BIM.XSTO	BIMOBJECT AB	Stockholm Stock Exchange	XSTO	Sweden
3KR.XSTO	TRE KRONOR PROPERTY INVESTMENT AB	Stockholm Stock Exchange	XSTO	Sweden
BGBIOO.XSTO	BERGENBIO ASA	Stockholm Stock Exchange	XSTO	Sweden
CONS_B.XSTO	CONSILIUM AB SER. B	Stockholm Stock Exchange	XSTO	Sweden
TOAD.XSTO	TOADMAN INTERACTIVE AB	Stockholm Stock Exchange	XSTO	Sweden
SEMC.XSTO	SEMCON AB	Stockholm Stock Exchange	XSTO	Sweden
NANOO.XSTO	NORDIC NANOVECTOR ASA	Stockholm Stock Exchange	XSTO	Sweden
RECO.XSTO	REC SILICON ASA	Stockholm Stock Exchange	XSTO	Sweden
GHP.XSTO	GHP SPECIALTY CARE AB	Stockholm Stock Exchange	XSTO	Sweden
GREAT.XSTO	GREATER THAN AB	Stockholm Stock Exchange	XSTO	Sweden
KABE_B.XSTO	KABE GROUP AB SER. B	Stockholm Stock Exchange	XSTO	Sweden
ZZ_B.XSTO	ZINZINO AB SER. B	Stockholm Stock Exchange	XSTO	Sweden
FIL.XSTO	FILO MINING CORP	Stockholm Stock Exchange	XSTO	Sweden
SIVE.XSTO	SIVERS IMA HOLDING AB	Stockholm Stock Exchange	XSTO	Sweden
DMYD_B.XSTO	DIAMYD MEDICAL AB SER. B	Stockholm Stock Exchange	XSTO	Sweden
GREEN.XSTO	GREEN LANDSCAPING GROUP AB	Stockholm Stock Exchange	XSTO	Sweden
NOTE.XSTO	NOTE AB	Stockholm Stock Exchange	XSTO	Sweden
AJA_B.XSTO	BYGGMASTARE ANDERS J AHLSTROM HOLDING AB	Stockholm Stock Exchange	XSTO	Sweden
AZELIO.XSTO	AZELIO AB	Stockholm Stock Exchange	XSTO	Sweden
XSPRAY.XSTO	XSPRAY PHARMA AB	Stockholm Stock Exchange	XSTO	Sweden
NORBITO.XSTO	NORBIT ASA	Stockholm Stock Exchange	XSTO	Sweden
PENO.XSTO	PANORO ENERGY ASA	Stockholm Stock Exchange	XSTO	Sweden
DURC_B.XSTO	DUROC AB SER. B	Stockholm Stock Exchange	XSTO	Sweden
FPIP.XSTO	FORMPIPE SOFTWARE AB	Stockholm Stock Exchange	XSTO	Sweden
IVACC.XSTO	INTERVACC AB	Stockholm Stock Exchange	XSTO	Sweden
ATVEXA_B.XSTO	ATVEXA AB SER. B	Stockholm Stock Exchange	XSTO	Sweden
ENZY.XSTO	ENZYMATICA AB	Stockholm Stock Exchange	XSTO	Sweden
AXIC_A.XSTO	AXICHEM AB SER. A	Stockholm Stock Exchange	XSTO	Sweden
BRE2.XSTO	BREDBAND2 I SKANDINAVIEN AB	Stockholm Stock Exchange	XSTO	Sweden
QLRO.XSTO	QLIRO GROUP AB	Stockholm Stock Exchange	XSTO	Sweden
SDRLO.XSTO	SEADRILL LIMITED	Stockholm Stock Exchange	XSTO	Sweden
CI_B.XSTO	CELL IMPACT AB SER. B	Stockholm Stock Exchange	XSTO	Sweden
SNM.XSTO	SHAMARAN PETROLEUM CORP	Stockholm Stock Exchange	XSTO	Sweden
SOLT.XSTO	SOLTECH ENERGY SWEDEN AB	Stockholm Stock Exchange	XSTO	Sweden
DORO.XSTO	DORO AB	Stockholm Stock Exchange	XSTO	Sweden
INFRNTO.XSTO	INFRONT ASA	Stockholm Stock Exchange	XSTO	Sweden
ITEO.XSTO	ITERA ASA	Stockholm Stock Exchange	XSTO	Sweden
JETPAK.XSTO	JETPAK TOP HOLDING AB	Stockholm Stock Exchange	XSTO	Sweden
SEZI.XSTO	SENZIME AB	Stockholm Stock Exchange	XSTO	Sweden
SOF_B.XSTO	SOFTRONIC AB SER. B	Stockholm Stock Exchange	XSTO	Sweden
CE.XSTO	CORTUS ENERGY AB	Stockholm Stock Exchange	XSTO	Sweden
XBRANE.XSTO	XBRANE BIOPHARMA AB	Stockholm Stock Exchange	XSTO	Sweden
ITECH.XSTO	I-TECH AB	Stockholm Stock Exchange	XSTO	Sweden
ELOS_B.XSTO	ELOS MEDTECH AB SER. B	Stockholm Stock Exchange	XSTO	Sweden
ASETEKO.XSTO	ASETEK A/S	Stockholm Stock Exchange	XSTO	Sweden
MAXF.XSTO	MAXFASTIGHETER I SVERIGE AB	Stockholm Stock Exchange	XSTO	Sweden
ARP.XSTO	ARCTIC PAPER S.A.	Stockholm Stock Exchange	XSTO	Sweden
G5EN.XSTO	G5 ENTERTAINMENT AB	Stockholm Stock Exchange	XSTO	Sweden
BRG_B.XSTO	BERGS TIMBER AB SER. B	Stockholm Stock Exchange	XSTO	Sweden
GAPW_B.XSTO	GAPWAVES AB B	Stockholm Stock Exchange	XSTO	Sweden
BRIG.XSTO	BRIGHTER AB	Stockholm Stock Exchange	XSTO	Sweden
ASPIRE.XSTO	ASPIRE GLOBAL PLC	Stockholm Stock Exchange	XSTO	Sweden
DELARK.XSTO	DELARKA HOLDING AB	Stockholm Stock Exchange	XSTO	Sweden
IMMU.XSTO	IMMUNICUM AB	Stockholm Stock Exchange	XSTO	Sweden
ENDO.XSTO	ENDOMINES AB	Stockholm Stock Exchange	XSTO	Sweden
VSSAB_B.XSTO	VIKING SUPPLY SHIPS AB SER. B	Stockholm Stock Exchange	XSTO	Sweden
NETI_B.XSTO	NET INSIGHT AB SER. B	Stockholm Stock Exchange	XSTO	Sweden
ZALO.XSTO	ZALARIS ASA	Stockholm Stock Exchange	XSTO	Sweden
SANION.XSTO	SANIONA AB	Stockholm Stock Exchange	XSTO	Sweden
BINV.XSTO	BIOINVENT INTERNATIONAL AB	Stockholm Stock Exchange	XSTO	Sweden
MSEISO.XSTO	MAGSEIS FAIRFIELD ASA	Stockholm Stock Exchange	XSTO	Sweden
PAX.XSTO	PAXMAN AB	Stockholm Stock Exchange	XSTO	Sweden
KAPIAB.XSTO	KALLEBACK PROPERTY INVEST AB	Stockholm Stock Exchange	XSTO	Sweden
PROF_B.XSTO	PROFILGRUPPEN AB SER. B	Stockholm Stock Exchange	XSTO	Sweden
IMPC.XSTO	IMPACT COATINGS AB	Stockholm Stock Exchange	XSTO	Sweden
HRNTS.XSTO	HERANTIS PHARMA OYJ	Stockholm Stock Exchange	XSTO	Sweden
KDEV.XSTO	KAROLINSKA DEVELOPMENT AB SER.B	Stockholm Stock Exchange	XSTO	Sweden
BYGGP.XSTO	BYGGPARTNER I DALARNA HOLDING AB	Stockholm Stock Exchange	XSTO	Sweden
STAR_A.XSTO	STARBREEZE AB SER. A	Stockholm Stock Exchange	XSTO	Sweden
STRONGO.XSTO	STRONGPOINT ASA	Stockholm Stock Exchange	XSTO	Sweden
SDSDO.XSTO	S.D. STANDARD DRILLING PLC	Stockholm Stock Exchange	XSTO	Sweden
NAXS.XSTO	NAXS AB	Stockholm Stock Exchange	XSTO	Sweden
MIDS.XSTO	MIDSUMMER AB	Stockholm Stock Exchange	XSTO	Sweden
FERRO.XSTO	FERROAMP ELEKTRONIK AB	Stockholm Stock Exchange	XSTO	Sweden
WSTEPO.XSTO	WEBSTEP ASA	Stockholm Stock Exchange	XSTO	Sweden
SOLNA.XSTO	SOLNABERG PROPERTY AB	Stockholm Stock Exchange	XSTO	Sweden
VICO.XSTO	VICORE PHARMA HOLDING AB	Stockholm Stock Exchange	XSTO	Sweden
HANZA.XSTO	HANZA HOLDING AB	Stockholm Stock Exchange	XSTO	Sweden
ATRE.XSTO	A3 ALLMANNA IT- OCH TELEKOM. AB	Stockholm Stock Exchange	XSTO	Sweden
STIL.XSTO	STILLE AB	Stockholm Stock Exchange	XSTO	Sweden
MIDW_A.XSTO	MIDWAY HOLDING AB SER. A	Stockholm Stock Exchange	XSTO	Sweden
ISOFOL.XSTO	ISOFOL MEDICAL AB	Stockholm Stock Exchange	XSTO	Sweden
STAR_B.XSTO	STARBREEZE AB SER. B	Stockholm Stock Exchange	XSTO	Sweden
AWRD.XSTO	AWARDIT AB	Stockholm Stock Exchange	XSTO	Sweden
ASAP.XSTO	ASARINA PHARMA AB	Stockholm Stock Exchange	XSTO	Sweden
AWDRO.XSTO	AWILCO DRILLING PLC	Stockholm Stock Exchange	XSTO	Sweden
SSM.XSTO	SSM HOLDING AB	Stockholm Stock Exchange	XSTO	Sweden
ATORX.XSTO	ALLIGATOR BIOSCIENCE AB	Stockholm Stock Exchange	XSTO	Sweden
IDEXO.XSTO	IDEX BIOMETRICS ASA	Stockholm Stock Exchange	XSTO	Sweden
PLTO.XSTO	POLIGHT ASA	Stockholm Stock Exchange	XSTO	Sweden
ALLG_B.XSTO	ALLGON AB SER. B	Stockholm Stock Exchange	XSTO	Sweden
ZETA.XSTO	ZETADISPLAY AB	Stockholm Stock Exchange	XSTO	Sweden
MIDW_B.XSTO	MIDWAY HOLDING AB SER. B	Stockholm Stock Exchange	XSTO	Sweden
CCOR_B.XSTO	CONCORDIA MARITIME AB SER. B	Stockholm Stock Exchange	XSTO	Sweden
HOVD.XSTO	HOVDING SVERIGE AB	Stockholm Stock Exchange	XSTO	Sweden
ACE.XSTO	ASCELIA PHARMA AB	Stockholm Stock Exchange	XSTO	Sweden
INDEX.XSTO	INDEX PHARMACEUTICALS HOLDING AB	Stockholm Stock Exchange	XSTO	Sweden
AVEN.XSTO	AVENSIA AB	Stockholm Stock Exchange	XSTO	Sweden
CBTT_B.XSTO	CHRISTIAN BERNER TECH TRADE AB SER. B	Stockholm Stock Exchange	XSTO	Sweden
ETX.XSTO	ETRION CORPORATION	Stockholm Stock Exchange	XSTO	Sweden
BORG.XSTO	BJORN BORG AB	Stockholm Stock Exchange	XSTO	Sweden
PIEZO.XSTO	PIEZOMOTOR UPPSALA AB	Stockholm Stock Exchange	XSTO	Sweden
ORGC.XSTO	ORGANOCLICK AB	Stockholm Stock Exchange	XSTO	Sweden
JINO.XSTO	JINHUI SHIPPING AND TRANSPORTATION LTD	Stockholm Stock Exchange	XSTO	Sweden
RAIL.XSTO	RAILCARE GROUP AB	Stockholm Stock Exchange	XSTO	Sweden
PREC.XSTO	PRECISE BIOMETRICS AB	Stockholm Stock Exchange	XSTO	Sweden
TECHO.XSTO	TECHSTEP ASA	Stockholm Stock Exchange	XSTO	Sweden
SVED_B.XSTO	SVEDBERGS I DALSTORP AB SER. B	Stockholm Stock Exchange	XSTO	Sweden
TRVXO.XSTO	TARGOVAX ASA	Stockholm Stock Exchange	XSTO	Sweden
NIL_B.XSTO	NILORNGRUPPEN AB SER. B	Stockholm Stock Exchange	XSTO	Sweden
ACRI.XSTO	ACRINOVA AB	Stockholm Stock Exchange	XSTO	Sweden
DOFO.XSTO	DOF ASA	Stockholm Stock Exchange	XSTO	Sweden
INISS_B.XSTO	INISSION AB SER. B	Stockholm Stock Exchange	XSTO	Sweden
MGNO.XSTO	MAGNORA ASA	Stockholm Stock Exchange	XSTO	Sweden
PLCSO.XSTO	POLARCUS LTD	Stockholm Stock Exchange	XSTO	Sweden
DDM.XSTO	DDM HOLDING AG	Stockholm Stock Exchange	XSTO	Sweden
GOMX.XSTO	GOMSPACE GROUP AB	Stockholm Stock Exchange	XSTO	Sweden
BEGR.XSTO	BE GROUP AB	Stockholm Stock Exchange	XSTO	Sweden
ICO.XSTO	ICONOVO AB	Stockholm Stock Exchange	XSTO	Sweden
SAPIAB.XSTO	SALTANGEN PROPERTY INVEST AB	Stockholm Stock Exchange	XSTO	Sweden
ARCHERO.XSTO	ARCHER LIMITED	Stockholm Stock Exchange	XSTO	Sweden
DIST.XSTO	DISTIT AB	Stockholm Stock Exchange	XSTO	Sweden
MSAB_B.XSTO	MICRO SYSTEMATION AB B	Stockholm Stock Exchange	XSTO	Sweden
SALT_B.XSTO	SALTX TECHNOLOGY HOLDING AB SER. B	Stockholm Stock Exchange	XSTO	Sweden
LAMM_B.XSTO	LAMMHULTS DESIGN GROUP AB SER. B	Stockholm Stock Exchange	XSTO	Sweden
SKMO.XSTO	SKANE-MOLLAN AB	Stockholm Stock Exchange	XSTO	Sweden
MANG.XSTO	MANGOLD AB	Stockholm Stock Exchange	XSTO	Sweden
TEQ.XSTO	TEQNION AB	Stockholm Stock Exchange	XSTO	Sweden
PRCO_B.XSTO	PRECIO FISHBONE AB SER. B	Stockholm Stock Exchange	XSTO	Sweden
STRAX.XSTO	STRAX AB	Stockholm Stock Exchange	XSTO	Sweden
INFREA.XSTO	INFREA AB	Stockholm Stock Exchange	XSTO	Sweden
IRRAS.XSTO	IRRAS AB	Stockholm Stock Exchange	XSTO	Sweden
SPEQT.XSTO	SPEQTA AB	Stockholm Stock Exchange	XSTO	Sweden
CFISH.XSTO	CRUNCHFISH AB	Stockholm Stock Exchange	XSTO	Sweden
SPOR.XSTO	SPORTAMORE AB	Stockholm Stock Exchange	XSTO	Sweden
AAC.XSTO	AAC CLYDE SPACE AB	Stockholm Stock Exchange	XSTO	Sweden
MEAB_B.XSTO	MALMBERGS ELEKTRISKA AB SER. B	Stockholm Stock Exchange	XSTO	Sweden
UPSALE.XSTO	UPSALES TECHNOLOGY AB	Stockholm Stock Exchange	XSTO	Sweden
ACTI.XSTO	ACTIVE BIOTECH AB	Stockholm Stock Exchange	XSTO	Sweden
MVIR_B.XSTO	MEDIVIR AB SER. B	Stockholm Stock Exchange	XSTO	Sweden
DIGN.XSTO	DIGNITANA AB	Stockholm Stock Exchange	XSTO	Sweden
NEXAM.XSTO	NEXAM CHEMICAL HOLDING AB	Stockholm Stock Exchange	XSTO	Sweden
NNH.XSTO	NEW NORDIC HEALTHBRANDS AB	Stockholm Stock Exchange	XSTO	Sweden
GIGSEK.XSTO	GAMING INNOVATION GROUP INC.	Stockholm Stock Exchange	XSTO	Sweden
PLED.XSTO	PLEDPHARMA AB	Stockholm Stock Exchange	XSTO	Sweden
PREV_B.XSTO	PREVAS AB SER. B	Stockholm Stock Exchange	XSTO	Sweden
CAG.XSTO	CAG GROUP AB	Stockholm Stock Exchange	XSTO	Sweden
SENZA.XSTO	SENZAGEN AB	Stockholm Stock Exchange	XSTO	Sweden
LIDDS.XSTO	LIDDS AB	Stockholm Stock Exchange	XSTO	Sweden
BONES.XSTO	BBS-BIOACTIVE BONE SUBSTITUTES	Stockholm Stock Exchange	XSTO	Sweden
NTEK_B.XSTO	NOVOTEK AB SER. B	Stockholm Stock Exchange	XSTO	Sweden
DEDI.XSTO	DEDICARE AB SER. B	Stockholm Stock Exchange	XSTO	Sweden
AGRO.XSTO	AGROMINO A/S	Stockholm Stock Exchange	XSTO	Sweden
ACCON.XSTO	ACCONEER AB	Stockholm Stock Exchange	XSTO	Sweden
AUR.XSTO	AURIANT MINING AB	Stockholm Stock Exchange	XSTO	Sweden
VVLO.XSTO	VOSS VEKSEL- OG LANDMANDSBANK ASA	Stockholm Stock Exchange	XSTO	Sweden
CLAV.XSTO	CLAVISTER HOLDING AB	Stockholm Stock Exchange	XSTO	Sweden
IOXO.XSTO	INTEROIL EXPLORATION AND PRODUCTION ASA	Stockholm Stock Exchange	XSTO	Sweden
BIOTECO.XSTO	BIOTEC PHARMACON ASA	Stockholm Stock Exchange	XSTO	Sweden
LOG.XSTO	LOGISTEA AB	Stockholm Stock Exchange	XSTO	Sweden
BIOVIC_B.XSTO	BIOVICA INTERNATIONAL AB SER. B	Stockholm Stock Exchange	XSTO	Sweden
SLITE.XSTO	SLITEVIND AB	Stockholm Stock Exchange	XSTO	Sweden
NAPAO.XSTO	NAPATECH A/S	Stockholm Stock Exchange	XSTO	Sweden
VERI.XSTO	VERISEC AB	Stockholm Stock Exchange	XSTO	Sweden
BONAS.XSTO	BONASUDDEN HOLDING AB	Stockholm Stock Exchange	XSTO	Sweden
MAGI.XSTO	MAG INTERACTIVE AB	Stockholm Stock Exchange	XSTO	Sweden
FRISQ.XSTO	FRISQ HOLDING AB	Stockholm Stock Exchange	XSTO	Sweden
TAGM_B.XSTO	TAGMASTER AB SER. B	Stockholm Stock Exchange	XSTO	Sweden
FEEL.XSTO	FEELGOOD SVENSKA AB	Stockholm Stock Exchange	XSTO	Sweden
ASAI.XSTO	ARTIFICIAL SOLUTIONS INTERNATIONAL AB	Stockholm Stock Exchange	XSTO	Sweden
DRIL.XSTO	DRILLCON AB	Stockholm Stock Exchange	XSTO	Sweden
GHUS_B.XSTO	GOTENEHUS GROUP AB SER. B	Stockholm Stock Exchange	XSTO	Sweden
ATIC.XSTO	ACTIC GROUP AB	Stockholm Stock Exchange	XSTO	Sweden
SCOUT.XSTO	SCOUT GAMING GROUP AB	Stockholm Stock Exchange	XSTO	Sweden
VISTINO.XSTO	VISTIN PHARMA ASA	Stockholm Stock Exchange	XSTO	Sweden
SJR_B.XSTO	SJR IN SCANDINAVIA AB SER. B	Stockholm Stock Exchange	XSTO	Sweden
BUSER.XSTO	BAMBUSER AB	Stockholm Stock Exchange	XSTO	Sweden
FLEXM.XSTO	FLEXION MOBILE PLC	Stockholm Stock Exchange	XSTO	Sweden
FIRE.XSTO	FIREFLY AB	Stockholm Stock Exchange	XSTO	Sweden
POOL_B.XSTO	POOLIA AB SER. B	Stockholm Stock Exchange	XSTO	Sweden
RLS.XSTO	RLS GLOBAL AB	Stockholm Stock Exchange	XSTO	Sweden
BINERO.XSTO	BINERO GROUP AB	Stockholm Stock Exchange	XSTO	Sweden
SIGN_B.XSTO	SIGNATUR FASTIGHETER AB SER. B	Stockholm Stock Exchange	XSTO	Sweden
HELIO.XSTO	HELIOSPECTRA AB	Stockholm Stock Exchange	XSTO	Sweden
STW.XSTO	SEATWIRL AB	Stockholm Stock Exchange	XSTO	Sweden
OV.XSTO	ONCOLOGY VENTURE A/S	Stockholm Stock Exchange	XSTO	Sweden
NKRO.XSTO	NEKKAR ASA	Stockholm Stock Exchange	XSTO	Sweden
INZILE.XSTO	INZILE AB	Stockholm Stock Exchange	XSTO	Sweden
AQUAO.XSTO	AQUALISBRAEMAR ASA	Stockholm Stock Exchange	XSTO	Sweden
MYFC.XSTO	MYFC HOLDING AB	Stockholm Stock Exchange	XSTO	Sweden
MOB.XSTO	MOBERG PHARMA AB	Stockholm Stock Exchange	XSTO	Sweden
B3.XSTO	B3 CONSULTING GROUP AB	Stockholm Stock Exchange	XSTO	Sweden
AGES_B.XSTO	AGES INDUSTRI AB SER. B	Stockholm Stock Exchange	XSTO	Sweden
ALCA.XSTO	ALCADON GROUP AB	Stockholm Stock Exchange	XSTO	Sweden
CLBIO.XSTO	CORLINE BIOMEDICAL AB	Stockholm Stock Exchange	XSTO	Sweden
GENI.XSTO	GENERIC SWEDEN AB	Stockholm Stock Exchange	XSTO	Sweden
RAKE.XSTO	RAKETECH GROUP HOLDING PLC	Stockholm Stock Exchange	XSTO	Sweden
TSEC.XSTO	TEMPEST SECURITY AB	Stockholm Stock Exchange	XSTO	Sweden
CLS_B.XSTO	CLINICAL LASERTHERMIA SYSTEMS AB SER. B	Stockholm Stock Exchange	XSTO	Sweden
NAVAO.XSTO	NAVAMEDIC ASA	Stockholm Stock Exchange	XSTO	Sweden
PENG_B.XSTO	PROJEKTENGAGEMANG SWEDEN AB SER. B	Stockholm Stock Exchange	XSTO	Sweden
OSSD.XSTO	OSSDSIGN AB	Stockholm Stock Exchange	XSTO	Sweden
SVIK.XSTO	STUDSVIK AB	Stockholm Stock Exchange	XSTO	Sweden
NETG.XSTO	NET GAMING EUROPE AB	Stockholm Stock Exchange	XSTO	Sweden
SFTR.XSTO	SAFETURE AB	Stockholm Stock Exchange	XSTO	Sweden
FLEXQ.XSTO	FLEXQUBE AB	Stockholm Stock Exchange	XSTO	Sweden
COPP_B.XSTO	COPPERSTONE RESOURCES AB SER. B	Stockholm Stock Exchange	XSTO	Sweden
IRIS.XSTO	IRISITY AB	Stockholm Stock Exchange	XSTO	Sweden
NEPA.XSTO	NEPA AB	Stockholm Stock Exchange	XSTO	Sweden
VERT_B.XSTO	VERTISEIT AB SER. B	Stockholm Stock Exchange	XSTO	Sweden
HAV_B.XSTO	HAVSFRUN INVESTMENT AB SER. B	Stockholm Stock Exchange	XSTO	Sweden
ALNGO.XSTO	AWILCO LNG ASA	Stockholm Stock Exchange	XSTO	Sweden
SDS.XSTO	SEAMLESS DISTRIBUTION SYSTEMS AB	Stockholm Stock Exchange	XSTO	Sweden
STWK.XSTO	STOCKWIK FORVALTNING AB	Stockholm Stock Exchange	XSTO	Sweden
ARCOMA.XSTO	ARCOMA AB	Stockholm Stock Exchange	XSTO	Sweden
OXE.XSTO	OXE MARINE AB	Stockholm Stock Exchange	XSTO	Sweden
LINKAB.XSTO	LINK PROP INVESTMENT AB	Stockholm Stock Exchange	XSTO	Sweden
BUBL.XSTO	BUBLAR GROUP AB	Stockholm Stock Exchange	XSTO	Sweden
SBXO.XSTO	SEABIRD EXPLORATION PLC	Stockholm Stock Exchange	XSTO	Sweden
ELEC.XSTO	ELECTRA GRUPPEN AB	Stockholm Stock Exchange	XSTO	Sweden
QUART.XSTO	QUARTIERS PROPERTIES AB	Stockholm Stock Exchange	XSTO	Sweden
CHRO.XSTO	CHROMOGENICS AB	Stockholm Stock Exchange	XSTO	Sweden
GLOBAL.XSTO	GLOBAL GAMING 555 AB	Stockholm Stock Exchange	XSTO	Sweden
WISE.XSTO	WISE GROUP AB	Stockholm Stock Exchange	XSTO	Sweden
DEVP_B.XSTO	DEVPORT AB SER. B	Stockholm Stock Exchange	XSTO	Sweden
BIOWKS.XSTO	BIO-WORKS TECHNOLOGIES AB	Stockholm Stock Exchange	XSTO	Sweden
SOFFO.XSTO	SOLSTAD OFFSHORE ASA	Stockholm Stock Exchange	XSTO	Sweden
REALFI.XSTO	REALFICTION HOLDING AB	Stockholm Stock Exchange	XSTO	Sweden
ERMA.XSTO	ENORAMA PHARMA AB	Stockholm Stock Exchange	XSTO	Sweden
JDT.XSTO	JONDETECH SENSORS AB	Stockholm Stock Exchange	XSTO	Sweden
TRENT.XSTO	TRENTION AB	Stockholm Stock Exchange	XSTO	Sweden
AAP_B.XSTO	ARCAROMA AB SER. B	Stockholm Stock Exchange	XSTO	Sweden
URBIT.XSTO	URB-IT AB	Stockholm Stock Exchange	XSTO	Sweden
RPLAN.XSTO	RANPLAN GROUP AB	Stockholm Stock Exchange	XSTO	Sweden
TEONE.XSTO	TARGETEVERYONE AB	Stockholm Stock Exchange	XSTO	Sweden
BIOS.XSTO	BIOSERVO TECHNOLOGIES AB	Stockholm Stock Exchange	XSTO	Sweden
ODD.XSTO	ODD MOLLY INTERNATIONAL AB	Stockholm Stock Exchange	XSTO	Sweden
BORO.XSTO	BORGESTAD ASA	Stockholm Stock Exchange	XSTO	Sweden
ALELIO.XSTO	ALELION ENERGY SYSTEMS AB	Stockholm Stock Exchange	XSTO	Sweden
OP.XSTO	OSCAR PROPERTIES HOLDING AB	Stockholm Stock Exchange	XSTO	Sweden
UNIBAP.XSTO	UNIBAP AB	Stockholm Stock Exchange	XSTO	Sweden
ZIGN.XSTO	ZIGNSEC AB	Stockholm Stock Exchange	XSTO	Sweden
GUARD.XSTO	GUARD THERAPEUTICS INTERNATIONAL AB	Stockholm Stock Exchange	XSTO	Sweden
ENDURO.XSTO	ENDUR ASA	Stockholm Stock Exchange	XSTO	Sweden
GCOR.XSTO	GAMING CORPS AB	Stockholm Stock Exchange	XSTO	Sweden
XINT.XSTO	XINTELA AB	Stockholm Stock Exchange	XSTO	Sweden
CYXO.XSTO	CYXONE AB	Stockholm Stock Exchange	XSTO	Sweden
ANOT.XSTO	ANOTO GROUP AB	Stockholm Stock Exchange	XSTO	Sweden
EMGSO.XSTO	ELECTROMAGNETIC GEOSERVICES ASA	Stockholm Stock Exchange	XSTO	Sweden
SES.XSTO	SCANDINAVIAN ENVIRO SYSTEMS AB	Stockholm Stock Exchange	XSTO	Sweden
SAXG.XSTO	SAXLUND GROUP AB	Stockholm Stock Exchange	XSTO	Sweden
KLAR.XSTO	KLARIA PHARMA HOLDING AB	Stockholm Stock Exchange	XSTO	Sweden
CYB1.XSTO	CYBER SECURITY 1 AB	Stockholm Stock Exchange	XSTO	Sweden
FRAM_B.XSTO	FRAM SKANDINAVIEN AB SER. B	Stockholm Stock Exchange	XSTO	Sweden
ORTI_A.XSTO	ORTIVUS AB SER. A	Stockholm Stock Exchange	XSTO	Sweden
INTEG_B.XSTO	INTEGRUM AB SER. B	Stockholm Stock Exchange	XSTO	Sweden
DOXA.XSTO	DOXA AB	Stockholm Stock Exchange	XSTO	Sweden
BONG.XSTO	BONG AB	Stockholm Stock Exchange	XSTO	Sweden
TRANS.XSTO	TRANSTEMA GROUP AB	Stockholm Stock Exchange	XSTO	Sweden
PROMO.XSTO	PROMORE PHARMA AB	Stockholm Stock Exchange	XSTO	Sweden
MACK_B.XSTO	MACKMYRA SVENSK WHISKY AB B	Stockholm Stock Exchange	XSTO	Sweden
GODO.XSTO	GOODTECH ASA	Stockholm Stock Exchange	XSTO	Sweden
NETM_B.XSTO	NETMORE GROUP AB SER. B	Stockholm Stock Exchange	XSTO	Sweden
ORTI_B.XSTO	ORTIVUS AB SER. B	Stockholm Stock Exchange	XSTO	Sweden
2CUREX.XSTO	2CUREX AB	Stockholm Stock Exchange	XSTO	Sweden
NVP.XSTO	NEUROVIVE PHARMACEUTICAL AB	Stockholm Stock Exchange	XSTO	Sweden
JLT.XSTO	JLT MOBILE COMPUTERS AB	Stockholm Stock Exchange	XSTO	Sweden
MULQ.XSTO	MULTIQ INTERNATIONAL AB	Stockholm Stock Exchange	XSTO	Sweden
SERT.XSTO	SERSTECH AB	Stockholm Stock Exchange	XSTO	Sweden
NGS.XSTO	NGS GROUP AB	Stockholm Stock Exchange	XSTO	Sweden
SAVOS.XSTO	SAVOSOLAR PLC	Stockholm Stock Exchange	XSTO	Sweden
MQ.XSTO	MQ HOLDING AB	Stockholm Stock Exchange	XSTO	Sweden
EDGE.XSTO	EDGEWARE AB	Stockholm Stock Exchange	XSTO	Sweden
MISE.XSTO	MISEN ENERGY AB	Stockholm Stock Exchange	XSTO	Sweden
ALZCUR.XSTO	ALZECURE PHARMA AB	Stockholm Stock Exchange	XSTO	Sweden
EPIS_B.XSTO	EPISURF MEDICAL AB B	Stockholm Stock Exchange	XSTO	Sweden
HIFA_B.XSTO	HIFAB GROUP AB SER. B	Stockholm Stock Exchange	XSTO	Sweden
TRG.XSTO	TRANSCENDENT GROUP AB	Stockholm Stock Exchange	XSTO	Sweden
AVT_B.XSTO	AVTECH SWEDEN AB B	Stockholm Stock Exchange	XSTO	Sweden
MOMENT.XSTO	MOMENT GROUP AB	Stockholm Stock Exchange	XSTO	Sweden
AERO.XSTO	SVENSKA AEROGEL HOLDING AB	Stockholm Stock Exchange	XSTO	Sweden
IS.XSTO	IMAGE SYSTEMS AB	Stockholm Stock Exchange	XSTO	Sweden
SDOS.XSTO	SCANDIDOS AB	Stockholm Stock Exchange	XSTO	Sweden
GPX.XSTO	GASPOROX AB	Stockholm Stock Exchange	XSTO	Sweden
LLSW_B.XSTO	LIGHTLAB SWEDEN AB SER. B	Stockholm Stock Exchange	XSTO	Sweden
TRAD.XSTO	TRADEDOUBLER AB	Stockholm Stock Exchange	XSTO	Sweden
TCT.XSTO	TC TECH SWEDEN AB	Stockholm Stock Exchange	XSTO	Sweden
BOTX.XSTO	BOTNIA EXPLORATION HOLDING AB	Stockholm Stock Exchange	XSTO	Sweden
POLYG.XSTO	POLYGIENE AB	Stockholm Stock Exchange	XSTO	Sweden
CLEM.XSTO	CLEMONDO GROUP AB	Stockholm Stock Exchange	XSTO	Sweden
ICTA.XSTO	ICTA AB	Stockholm Stock Exchange	XSTO	Sweden
KAN.XSTO	KANCERA AB	Stockholm Stock Exchange	XSTO	Sweden
TRIBO_B.XSTO	TRIBORON INTERNATIONAL AB SER. B	Stockholm Stock Exchange	XSTO	Sweden
EXPRS2.XSTO	EXPRES2ION BIOTECH HOLDING AB	Stockholm Stock Exchange	XSTO	Sweden
NEXTO.XSTO	NEXT BIOMETRICS GROUP ASA	Stockholm Stock Exchange	XSTO	Sweden
ADDERA.XSTO	ADDERACARE AB	Stockholm Stock Exchange	XSTO	Sweden
TOURN.XSTO	TOURN INTERNATIONAL AB	Stockholm Stock Exchange	XSTO	Sweden
AROC.XSTO	AROCELL AB (PUBL)	Stockholm Stock Exchange	XSTO	Sweden
ISR.XSTO	ISR IMMUNE SYSTEM REGULATION HOLDING AB	Stockholm Stock Exchange	XSTO	Sweden
ZWIPE.XSTO	ZWIPE AS	Stockholm Stock Exchange	XSTO	Sweden
ANNX.XSTO	ANNEXIN PHARMACEUTICALS AB	Stockholm Stock Exchange	XSTO	Sweden
ADDV_A.XSTO	ADDVISE GROUP AB A	Stockholm Stock Exchange	XSTO	Sweden
FLUI.XSTO	FLUICELL AB	Stockholm Stock Exchange	XSTO	Sweden
WPAY.XSTO	WESTPAY AB	Stockholm Stock Exchange	XSTO	Sweden
LOUDS.XSTO	LOUDSPRING PLC	Stockholm Stock Exchange	XSTO	Sweden
RNBS.XSTO	RNB RETAIL AND BRANDS AB	Stockholm Stock Exchange	XSTO	Sweden
SPRINT.XSTO	SPRINT BIOSCIENCE AB	Stockholm Stock Exchange	XSTO	Sweden
S2M.XSTO	S2MEDICAL AB SER. B	Stockholm Stock Exchange	XSTO	Sweden
ADVBOX.XSTO	ADVENTURE BOX TECHNOLOGY AB	Stockholm Stock Exchange	XSTO	Sweden
FRILL_B.XSTO	FRILL HOLDING AB SER. B	Stockholm Stock Exchange	XSTO	Sweden
KOPY.XSTO	KOPY GOLDFIELDS AB	Stockholm Stock Exchange	XSTO	Sweden
PCAT.XSTO	PHOTOCAT A/S	Stockholm Stock Exchange	XSTO	Sweden
KONT.XSTO	KONTIGO CARE AB	Stockholm Stock Exchange	XSTO	Sweden
OBOYA_B.XSTO	OBOYA HORTICULTURE INDUSTRIES AB SER. B	Stockholm Stock Exchange	XSTO	Sweden
ADDV_B.XSTO	ADDVISE GROUP AB B	Stockholm Stock Exchange	XSTO	Sweden
ELEO.XSTO	ELEMENT ASA	Stockholm Stock Exchange	XSTO	Sweden
NODLO.XSTO	NORTHERN DRILLING LTD	Stockholm Stock Exchange	XSTO	Sweden
VRG_B.XSTO	VENUE RETAIL GROUP AB SER. B	Stockholm Stock Exchange	XSTO	Sweden
ARCT.XSTO	ARCTIC MINERALS AB	Stockholm Stock Exchange	XSTO	Sweden
DIAH.XSTO	DIADROM HOLDING AB	Stockholm Stock Exchange	XSTO	Sweden
THINO.XSTO	THIN FILM ELECTRONICS ASA	Stockholm Stock Exchange	XSTO	Sweden
SECS.XSTO	SENSEC HOLDING AB	Stockholm Stock Exchange	XSTO	Sweden
CAPAC.XSTO	CAPACENT HOLDING AB	Stockholm Stock Exchange	XSTO	Sweden
NIO.XSTO	NORDIC IRON ORE AB	Stockholm Stock Exchange	XSTO	Sweden
WESC.XSTO	WESC AB	Stockholm Stock Exchange	XSTO	Sweden
ALZ.XSTO	ALZINOVA AB	Stockholm Stock Exchange	XSTO	Sweden
DOME.XSTO	DOME ENERGY AB	Stockholm Stock Exchange	XSTO	Sweden
LEX.XSTO	THE LEXINGTON COMPANY AB	Stockholm Stock Exchange	XSTO	Sweden
UTG.XSTO	UNLIMITED TRAVEL GROUP AB	Stockholm Stock Exchange	XSTO	Sweden
INCOAX.XSTO	INCOAX NETWORKS AB	Stockholm Stock Exchange	XSTO	Sweden
ADVE.XSTO	ADVENICA AB	Stockholm Stock Exchange	XSTO	Sweden
LEMSE.XSTO	LEADING EDGE MATERIALS CORP.	Stockholm Stock Exchange	XSTO	Sweden
XMR.XSTO	XMREALITY AB	Stockholm Stock Exchange	XSTO	Sweden
EMPIR_B.XSTO	EMPIR GROUP AB SER. B	Stockholm Stock Exchange	XSTO	Sweden
EFFP.XSTO	EFFNETPLATTFORMEN AB	Stockholm Stock Exchange	XSTO	Sweden
AYIMA_B.XSTO	AYIMA GROUP AB SER. B	Stockholm Stock Exchange	XSTO	Sweden
LIVI.XSTO	LIV IHOP AB	Stockholm Stock Exchange	XSTO	Sweden
HEMC.XSTO	HEMCHECK SWEDEN AB	Stockholm Stock Exchange	XSTO	Sweden
PLUN.XSTO	PROSTALUND AB	Stockholm Stock Exchange	XSTO	Sweden
AINO.XSTO	AINO HEALTH AB	Stockholm Stock Exchange	XSTO	Sweden
BAYN.XSTO	BAYN EUROPE AB	Stockholm Stock Exchange	XSTO	Sweden
SCIB.XSTO	SCIBASE HOLDING AB	Stockholm Stock Exchange	XSTO	Sweden
ACARIX.XSTO	ACARIX AB	Stockholm Stock Exchange	XSTO	Sweden
TANGI.XSTO	TANGIAMO TOUCH TECHNOLOGY AB	Stockholm Stock Exchange	XSTO	Sweden
SBOK.XSTO	SCANDBOOK HOLDING AB	Stockholm Stock Exchange	XSTO	Sweden
PHLOG_B.XSTO	PHARMACOLOG I UPPSALA AB SER. B	Stockholm Stock Exchange	XSTO	Sweden
GABA.XSTO	GABATHER AB	Stockholm Stock Exchange	XSTO	Sweden
TALK.XSTO	TALKPOOL AG	Stockholm Stock Exchange	XSTO	Sweden
AXOLOT.XSTO	AXOLOT SOLUTIONS HOLDING AB	Stockholm Stock Exchange	XSTO	Sweden
POLY.XSTO	POLYPLANK AB	Stockholm Stock Exchange	XSTO	Sweden
WAYS.XSTO	WAYSTREAM HOLDING AB	Stockholm Stock Exchange	XSTO	Sweden
NICO.XSTO	NICOCCINO HOLDING AB	Stockholm Stock Exchange	XSTO	Sweden
SEAF.XSTO	SEAFIRE AB	Stockholm Stock Exchange	XSTO	Sweden
SECI.XSTO	SECITS HOLDING AB	Stockholm Stock Exchange	XSTO	Sweden
HEGR.XSTO	HEDERA GROUP AB	Stockholm Stock Exchange	XSTO	Sweden
HOYLU.XSTO	HOYLU AB	Stockholm Stock Exchange	XSTO	Sweden
NXTMS.XSTO	NEXSTIM OYJ	Stockholm Stock Exchange	XSTO	Sweden
CONF.XSTO	CONFIDENCE INTERNATIONAL AB	Stockholm Stock Exchange	XSTO	Sweden
HDW_B.XSTO	H&D WIRELESS SWEDEN HOLDING AB SER. B	Stockholm Stock Exchange	XSTO	Sweden
NFGAB.XSTO	NORDIC FLANGES GROUP AB	Stockholm Stock Exchange	XSTO	Sweden
IZAFE_B.XSTO	IZAFE GROUP AB SER. B	Stockholm Stock Exchange	XSTO	Sweden
ZAPLOX.XSTO	ZAPLOX AB	Stockholm Stock Exchange	XSTO	Sweden
IVISYS.XSTO	IVISYS AB	Stockholm Stock Exchange	XSTO	Sweden
TERRNT_B.XSTO	TERRANET HOLDING AB SER. B	Stockholm Stock Exchange	XSTO	Sweden
LAUR.XSTO	LAURITZ.COM GROUP A/S	Stockholm Stock Exchange	XSTO	Sweden
SIMRIS_B.XSTO	SIMRIS ALG AB SER. B	Stockholm Stock Exchange	XSTO	Sweden
NBZ.XSTO	NORTHBAZE GROUP AB	Stockholm Stock Exchange	XSTO	Sweden
MAV.XSTO	MAVSHACK AB	Stockholm Stock Exchange	XSTO	Sweden
CLEMO.XSTO	CLEAN MOTION AB	Stockholm Stock Exchange	XSTO	Sweden
ME.XSTO	MODERN EKONOMI SVERIGE HOLDING AB	Stockholm Stock Exchange	XSTO	Sweden
CMOTEC_B.XSTO	SCANDINAVIAN CHEMOTECH AB B	Stockholm Stock Exchange	XSTO	Sweden
ELN.XSTO	ELLEN AB	Stockholm Stock Exchange	XSTO	Sweden
KAKEL.XSTO	KAKEL MAX AB	Stockholm Stock Exchange	XSTO	Sweden
HIDDNO.XSTO	HIDDN SOLUTIONS ASA	Stockholm Stock Exchange	XSTO	Sweden
NITRO.XSTO	NITRO GAMES OYJ	Stockholm Stock Exchange	XSTO	Sweden
COMBI.XSTO	COMBIGENE AB	Stockholm Stock Exchange	XSTO	Sweden
ENRO.XSTO	ENIRO AB	Stockholm Stock Exchange	XSTO	Sweden
KENH.XSTO	KENTIMA HOLDING AB	Stockholm Stock Exchange	XSTO	Sweden
ENERS.XSTO	ENERSIZE OYJ	Stockholm Stock Exchange	XSTO	Sweden
SONE.XSTO	SONETEL AB	Stockholm Stock Exchange	XSTO	Sweden
SPIFF.XSTO	SPIFFBET AB	Stockholm Stock Exchange	XSTO	Sweden
PCOM_B.XSTO	PRECOMP SOLUTIONS AB SER. B	Stockholm Stock Exchange	XSTO	Sweden
CUR.XSTO	CURANDO NORDIC AB	Stockholm Stock Exchange	XSTO	Sweden
NILS.XSTO	NILSSON SPECIAL VEHICLES AB	Stockholm Stock Exchange	XSTO	Sweden
PAPI.XSTO	PAPILLY AB	Stockholm Stock Exchange	XSTO	Sweden
NEWTON.XSTO	NEWTON NORDIC AB	Stockholm Stock Exchange	XSTO	Sweden
VEVEN.XSTO	VERTICAL VENTURES AB	Stockholm Stock Exchange	XSTO	Sweden
MANTEX.XSTO	MANTEX AB	Stockholm Stock Exchange	XSTO	Sweden
PRIME.XSTO	PRIME LIVING AB	Stockholm Stock Exchange	XSTO	Sweden
ITAL_SDB.XSTO	ITALEAF S.P.A SDB	Stockholm Stock Exchange	XSTO	Sweden
ZUTEC.XSTO	ZUTEC HOLDING AB	Stockholm Stock Exchange	XSTO	Sweden
NJOB.XSTO	NETJOBS GROUP AB	Stockholm Stock Exchange	XSTO	Sweden
OBAB.XSTO	ONLINE BRANDS NORDIC AB	Stockholm Stock Exchange	XSTO	Sweden
KLOV_PREF.XSTO	KLOVERN AB PREF	Stockholm Stock Exchange	XSTO	Sweden
SBB_PREF.XSTO	SAMHALLSBYGGNADSBOLAGET I NORDEN AB PREF	Stockholm Stock Exchange	XSTO	Sweden
FPAR_PREF.XSTO	FASTPARTNER AB PREF	Stockholm Stock Exchange	XSTO	Sweden
SAGA_PREF.XSTO	SAGAX AB PREF	Stockholm Stock Exchange	XSTO	Sweden
CORE_PREF.XSTO	COREM PROPERTY GROUP AB PREF	Stockholm Stock Exchange	XSTO	Sweden
GPG_PREF.XSTO	GENOVA PROPERTY GROUP AB PREF	Stockholm Stock Exchange	XSTO	Sweden
FOOT_PREF.XSTO	FOOTWAY GROUP AB PREF	Stockholm Stock Exchange	XSTO	Sweden
OP_PREF.XSTO	OSCAR PROPERTIES HOLDING AB PREF	Stockholm Stock Exchange	XSTO	Sweden
NP3_PREF.XSTO	NP3 FASTIGHETER AB PREF	Stockholm Stock Exchange	XSTO	Sweden
K2A_PREF.XSTO	K2A KNAUST & ANDERSSON FASTIGHETER PREF	Stockholm Stock Exchange	XSTO	Sweden
HEIM_PREF.XSTO	HEIMSTADEN AB PREF	Stockholm Stock Exchange	XSTO	Sweden
AMAST_PREF.XSTO	AMASTEN FASTIGHETS AB PREF	Stockholm Stock Exchange	XSTO	Sweden
VOLO_PREF.XSTO	VOLATI AB PREF	Stockholm Stock Exchange	XSTO	Sweden
SDIP_PREF.XSTO	SDIPTECH AB PREF	Stockholm Stock Exchange	XSTO	Sweden
PEGRO_PREF.XSTO	PEGROCO INVEST AB PREF	Stockholm Stock Exchange	XSTO	Sweden
XXLO.XSTO	XXL ASA	Stockholm Stock Exchange	XSTO	Sweden
FUNCOMO.XSTO	FUNCOM SE	Stockholm Stock Exchange	XSTO	Sweden
PRIME_PREF.XSTO	PRIME LIVING AB PREF SER. B	Stockholm Stock Exchange	XSTO	Sweden
QFRO.XSTO	Q-FREE ASA	Stockholm Stock Exchange	XSTO	Sweden
OP_PREFB.XSTO	OSCAR PROPERTIES HOLDING AB PREFB	Stockholm Stock Exchange	XSTO	Sweden
SPEONE.XSTO	SPECTRUMONE AB	Stockholm Stock Exchange	XSTO	Sweden
HAVIO.XSTO	HAVILA SHIPPING ASA	Stockholm Stock Exchange	XSTO	Sweden
ENRO_PREF.XSTO	ENIRO AB PREF	Stockholm Stock Exchange	XSTO	Sweden
SOLONO.XSTO	SOLON EIENDOM ASA	Stockholm Stock Exchange	XSTO	Sweden
POLO.XSTO	POLARIS MEDIA ASA	Stockholm Stock Exchange	XSTO	Sweden
24STOR.XSTO	24STORAGE AB	Stockholm Stock Exchange	XSTO	Sweden